EmployeeNumber,MonthlyIncome,MonthlyRate,DailyRate,HourlyRate,PercentSalaryHike,StockOptionLevel
1,5993,19479,1102,94,11,0
2,5130,24907,279,61,23,1
4,2090,2396,1373,92,15,0
5,2909,23159,1392,56,11,0
7,3468,16632,591,40,12,1
8,3068,11864,1005,79,13,0
10,2670,9964,1324,81,20,3
11,2693,13335,1358,67,22,1
12,9526,8787,216,44,21,0
13,5237,16577,1299,94,13,2
14,2426,16479,809,84,13,1
15,4193,12682,153,49,12,0
16,2911,15170,670,31,17,1
18,2661,8758,1346,93,11,1
19,2028,12947,103,50,14,0
20,9980,10195,1389,51,11,1
21,3298,15053,334,80,12,2
22,2935,7324,1123,96,13,2
23,15427,22021,1219,78,16,0
24,3944,4306,371,45,11,0
26,4011,8232,673,96,18,1
27,3407,6986,1218,82,23,0
28,11994,21293,419,53,11,0
30,1232,19281,391,96,14,0
31,2960,17102,699,83,11,0
32,19094,10735,1282,58,11,1
33,3919,4681,1125,72,22,0
35,6825,21173,691,48,11,1
36,10248,2094,477,42,14,1
38,18947,22822,705,83,12,0
39,2496,6670,924,78,11,0
40,6465,19121,1459,41,13,0
41,2206,16117,125,83,13,0
42,2086,3335,895,56,14,1
45,2293,3020,813,61,16,1
46,2645,21923,1273,72,12,2
47,2683,3810,869,86,14,0
49,2014,9687,890,97,13,0
51,3419,13072,852,82,14,1
52,5376,3193,1141,42,19,2
53,1951,10910,464,75,12,1
54,2341,19715,1240,33,13,1
55,2293,10558,1357,48,12,0
56,8726,2975,994,37,15,0
57,4011,10781,721,58,23,0
58,19545,16280,1360,49,12,0
60,4568,10034,1065,72,20,0
61,3022,10227,408,73,21,0
62,5772,20445,1211,98,21,0
63,2269,4892,1229,36,19,0
64,5381,19294,626,98,13,0
65,3441,11179,1434,50,13,0
68,5454,4009,1488,75,21,1
70,9884,8302,1097,79,13,1
72,4157,21436,1443,47,19,1
73,13458,15146,515,98,12,0
74,9069,11031,853,71,22,1
75,4014,16002,1142,30,15,1
76,5915,9528,655,48,22,1
77,5993,2689,1115,51,18,1
78,6162,10877,427,33,22,1
79,2406,5456,653,50,11,0
80,18740,16701,989,43,12,1
81,7637,2354,1435,99,11,0
83,10096,8202,1223,59,13,3
84,14756,19730,836,33,14,3
85,6499,22656,1195,95,13,0
86,9724,18787,1339,59,17,1
88,2194,5868,664,79,13,1
90,3388,21777,318,79,17,1
91,5473,24668,1225,57,11,0
94,2703,4956,1328,76,23,1
95,2501,18775,1082,87,17,0
96,6220,7346,548,66,17,2
97,3038,22002,132,55,12,0
98,4424,20682,746,61,23,0
100,4312,23016,776,32,14,0
101,13245,15067,193,52,14,0
102,13664,25258,397,30,13,0
103,5021,10425,945,80,22,1
104,5126,15998,852,55,12,2
105,2859,26278,1214,30,18,0
106,10239,18092,111,70,14,1
107,5329,15717,573,79,12,3
110,4325,17736,1153,94,15,0
112,7260,21698,1400,49,11,0
113,2322,9518,541,62,13,1
116,2075,18725,432,96,23,2
117,4152,15830,288,99,19,3
118,9619,13596,669,64,16,0
119,13503,14115,530,78,22,1
120,5441,8423,632,71,22,0
121,5209,19760,1334,63,12,3
124,10673,3142,638,40,13,1
125,5010,24301,1093,87,16,0
126,13549,24001,1217,60,12,1
128,4999,17519,1353,33,21,1
129,4221,8863,120,43,15,0
131,13872,24409,682,37,13,0
132,2042,25043,489,67,12,1
133,2073,23648,807,63,22,0
134,2956,15178,827,71,13,0
137,2926,19783,871,66,18,0
138,4809,12482,665,41,14,0
139,5163,15850,1040,100,14,1
140,18844,21922,1420,32,21,1
141,18172,9755,1115,73,19,0
142,5744,26959,240,46,11,0
143,2889,26897,1280,64,11,2
144,2871,23785,534,59,15,0
145,7484,25796,1456,30,20,0
147,6074,22887,658,66,24,0
148,17328,13871,142,30,12,0
150,2774,13257,1127,52,12,1
151,4505,15000,1031,45,15,1
152,7428,14506,1189,87,12,0
153,11631,5615,1354,45,12,0
154,9738,22952,1467,92,14,1
155,2835,2561,922,39,22,1
158,16959,19494,394,92,12,2
159,2613,22310,1312,96,25,3
160,6146,15480,750,95,13,1
161,4963,4510,441,72,18,3
162,19537,6462,684,51,13,0
163,6172,20739,249,76,18,0
164,2368,23300,841,46,19,0
165,10312,3465,147,94,12,1
167,1675,26820,528,50,19,0
169,2523,19299,594,100,14,1
170,6567,5549,470,96,14,0
171,4739,16090,957,72,12,0
174,9208,6645,809,77,11,0
175,4559,24788,542,71,11,1
176,8189,21196,802,96,13,1
177,2942,8916,1355,61,23,1
178,4941,2819,216,84,20,2
179,10650,25150,1150,53,15,0
182,5902,14590,1329,47,14,1
183,8639,24835,959,41,18,0
184,6347,13982,1240,48,19,0
190,4200,10224,1033,41,22,0
192,3452,9752,1316,83,13,0
193,4317,2302,364,32,20,0
194,2632,23910,438,75,14,0
195,4668,22812,689,35,17,3
197,3204,10415,201,84,14,1
198,2720,11162,1427,35,13,0
199,17181,12888,857,91,13,1
200,2238,6961,933,94,21,1
201,1483,16102,1181,79,14,0
202,5605,8504,1395,54,11,1
204,7295,11439,662,94,13,2
205,2306,16047,1436,34,20,1
206,2348,10901,194,60,18,1
207,8998,15589,967,43,14,0
208,4319,26283,1496,41,13,1
211,6132,13983,1169,34,17,0
214,3346,11873,1145,75,20,1
215,10855,8552,630,67,11,1
216,2231,11314,303,75,18,1
217,2323,11992,1256,80,24,2
218,2024,5970,691,57,18,1
221,2713,6672,440,42,11,1
223,9439,23402,334,83,16,1
224,2566,25326,1450,79,15,1
226,19926,17053,1452,53,15,0
227,2451,4609,465,56,12,1
228,9419,8053,1339,41,12,1
230,8686,12930,702,59,22,0
231,3038,12430,120,43,20,0
233,3058,13364,1157,51,16,1
235,2325,20989,602,100,21,0
238,2088,15062,1480,30,12,0
239,3072,11012,111,66,11,2
240,5006,6319,1268,30,11,1
241,4257,13939,713,67,18,1
242,2500,10515,134,90,14,0
243,1102,9241,303,47,22,0
244,10453,2137,526,92,25,3
245,2288,6319,1380,75,12,0
246,3929,6984,140,95,23,1
247,2311,5711,629,95,15,0
248,3140,21728,1356,70,22,0
249,3690,3425,328,86,15,1
250,4450,26250,1084,57,11,2
252,2756,4673,931,72,13,1
253,19033,6499,989,46,14,1
254,18722,13339,692,61,11,0
256,9547,14074,1069,45,17,0
258,13734,7192,313,98,18,0
259,19999,5678,699,65,14,1
260,2279,11781,894,99,16,0
261,5916,15497,556,50,13,0
262,2089,5228,1344,37,14,3
264,16792,20462,1195,65,23,1
267,3564,22977,290,65,12,1
269,4425,15986,138,37,11,0
270,5265,16439,926,36,16,1
271,6553,7259,1261,88,14,0
273,6261,4185,1084,54,18,1
274,4298,9679,472,60,19,1
275,6804,23793,1002,92,15,2
277,3815,5972,878,43,17,1
281,2741,16523,905,99,15,1
282,6673,11354,1180,70,19,0
283,7639,24525,121,35,22,3
284,2328,12392,1136,60,16,1
286,2153,7703,635,73,13,0
287,4876,14242,1151,63,14,1
288,9396,12368,644,97,16,1
291,10400,25812,1045,32,11,0
292,8474,20925,829,88,22,0
293,9981,12916,1242,90,14,0
296,12490,15736,1469,81,16,2
297,2657,8556,1005,88,11,0
298,13591,14674,896,75,18,0
299,6696,22967,334,52,15,0
300,2058,19757,992,85,14,0
302,8865,16840,1052,57,12,0
303,5940,17011,1147,52,14,1
304,5914,9945,1396,62,16,0
305,2622,13248,147,47,21,0
306,12185,10056,663,47,14,3
307,10609,9647,119,76,12,2
308,4345,4381,979,90,12,1
309,2177,8456,142,70,17,1
311,2793,2539,319,41,17,1
312,7918,6599,1413,42,14,1
314,8789,9096,944,92,14,0
315,2389,14961,896,86,13,0
316,3212,3300,1323,89,15,0
319,19232,4933,532,58,11,0
321,2267,25657,818,52,17,0
323,19517,24118,854,68,11,1
325,2436,22149,813,58,13,1
327,16064,7744,1034,80,22,1
328,2707,21509,465,39,20,0
329,19068,21030,771,79,18,0
330,3931,20990,1401,56,11,1
331,3730,9571,515,62,14,0
332,2232,15417,1431,96,14,3
333,4465,12069,976,100,18,0
334,3072,19877,1411,36,16,2
335,3319,24447,1300,62,17,2
336,19202,15970,252,70,11,1
337,13675,13523,1327,73,12,1
338,2911,14776,832,63,13,1
339,5957,23687,470,84,13,1
340,3920,18697,1017,83,14,1
341,6434,5118,1199,77,17,1
342,10048,22573,504,61,11,2
343,10938,6420,505,64,25,0
346,2340,22673,665,60,19,0
347,6545,23016,916,82,13,0
349,6931,10732,1247,45,14,1
350,4898,7505,685,62,12,2
351,2593,8007,269,56,11,1
352,19436,5949,1416,49,19,1
353,2723,23231,833,96,11,0
355,3479,11652,307,71,11,0
359,2794,26062,1311,100,20,0
361,5249,19682,1327,39,18,1
362,2176,19737,128,84,13,0
363,16872,14977,488,75,12,1
364,3485,14935,529,79,11,0
366,6644,3687,1210,78,19,2
367,5582,14408,1463,64,21,1
369,4000,18384,675,85,12,2
372,13496,7501,1385,79,14,0
373,3210,20251,1403,47,11,1
374,19045,18938,452,81,14,0
376,11849,10268,666,88,12,1
377,2070,2613,1158,94,23,1
378,6502,22825,228,98,14,1
379,3230,10531,996,100,17,0
380,13603,11677,728,80,18,2
381,11996,19100,1315,71,18,1
382,5605,19191,322,44,24,1
384,6397,26767,1479,84,20,1
385,19144,15815,797,96,14,2
386,17584,21016,1070,45,16,3
387,4907,24532,635,99,25,0
388,4554,20260,442,44,18,0
389,5415,15972,147,37,19,1
390,4741,22722,496,60,13,1
391,2115,15881,1372,42,12,0
392,3161,19920,920,43,22,1
393,5745,18899,688,82,14,1
394,2373,14180,1449,45,13,1
395,3310,4488,1117,66,21,0
396,18665,25594,636,35,11,0
397,4485,26285,506,30,12,0
399,2789,3909,444,84,11,1
401,5828,8450,950,48,12,0
403,2326,11411,889,53,12,3
404,13525,14864,555,77,14,1
405,1420,25233,230,54,13,0
406,8020,5100,1232,96,15,2
407,3688,7122,566,81,18,2
408,5482,16321,1302,84,18,1
410,16015,15896,334,88,19,0
411,1200,9724,812,69,12,0
412,5661,4824,1476,68,19,0
416,6929,12241,218,100,11,1
417,9613,10942,1132,48,17,3
419,5674,6927,1105,47,15,1
420,5484,16985,906,91,14,1
421,12061,26707,849,81,17,1
422,5660,17056,390,32,13,1
423,4821,10077,691,86,12,1
424,6410,17822,106,62,12,0
425,5210,20308,1249,97,18,1
426,2695,7747,192,32,18,1
428,11878,23364,553,74,11,2
429,17068,5355,117,99,14,0
430,2455,10675,185,33,19,0
431,13964,17810,1091,90,12,0
433,4941,17747,723,85,15,0
434,2478,20938,1220,85,12,0
436,5228,24624,588,65,11,0
437,4478,5242,1377,74,11,0
438,7547,7143,691,73,12,3
439,5055,10557,1018,74,16,0
440,3464,24737,1157,84,13,0
441,5775,11934,1275,64,13,2
442,8943,14034,798,48,24,1
444,19272,21141,672,54,15,1
445,5238,17778,1162,41,18,0
446,4682,4317,508,46,14,0
447,18300,16375,1482,42,11,1
448,5257,6227,559,82,11,1
449,6349,22107,210,73,13,1
450,4869,16885,928,31,12,0
451,9985,9262,1001,43,16,1
452,3697,9278,549,75,14,2
453,7457,13273,1124,57,22,3
454,2119,4759,318,77,11,0
455,3983,7621,738,30,17,0
456,6118,5431,570,30,13,3
458,6214,3415,1130,56,18,1
460,6347,23177,1192,61,16,2
461,11510,15682,343,92,14,1
462,7143,25713,1232,39,14,0
463,8268,11866,144,39,14,2
464,8095,18264,1296,62,13,0
465,2904,16092,1309,83,12,2
466,6032,10110,483,95,15,0
467,2976,25751,1309,99,19,0
468,15992,15901,810,44,14,0
469,4649,16928,746,61,14,1
470,2696,24017,544,52,11,1
471,2370,3956,1062,75,13,1
473,12504,23978,530,91,21,1
474,5974,17001,1319,51,13,2
475,4736,6069,641,85,12,1
476,5296,20156,933,57,17,1
477,6781,17078,1332,98,23,0
478,2174,9150,756,99,11,0
479,6653,15276,845,45,15,0
481,9699,7246,541,48,11,1
482,6755,2967,593,88,11,0
483,2213,22495,1171,46,13,1
484,2610,2851,895,39,24,0
485,2851,9150,350,34,13,0
486,3452,17663,921,98,20,1
487,5258,16044,1144,30,14,0
488,9355,9558,143,56,18,0
491,10496,2755,1046,100,15,0
492,6380,6110,575,68,12,2
493,2657,7551,408,42,16,0
494,2716,25422,156,90,15,0
495,2201,18168,1283,54,16,0
496,6540,19394,755,97,19,0
497,3816,17881,1469,82,11,1
498,5253,20750,304,92,16,0
499,10965,12066,1261,31,24,0
500,4936,14862,1178,87,11,1
501,2543,11868,329,96,13,1
502,5304,4652,1362,67,13,0
505,16659,23258,1311,97,13,0
507,4260,5915,1371,77,12,1
508,2476,17434,202,72,18,1
510,3102,6582,575,73,22,0
511,2244,24440,253,43,13,1
513,7596,3809,164,61,13,2
514,2285,3427,464,40,23,0
515,3034,26914,1107,95,12,1
516,5715,22553,759,46,12,2
517,2576,20490,201,95,16,1
518,4197,21123,1305,49,12,0
520,14336,4345,982,59,11,1
521,3448,13436,555,78,22,1
522,19406,8509,821,86,11,1
523,6538,12740,1381,72,15,1
524,4306,4156,480,31,12,1
525,2258,15238,313,61,20,1
526,4522,2227,1473,74,14,0
527,4487,12090,891,99,11,0
529,4449,23866,1063,72,15,2
530,2218,16193,329,98,12,1
531,19197,8213,1218,52,14,1
532,13212,18256,906,86,11,3
533,6577,19558,1082,83,11,0
534,8392,19566,645,49,16,1
536,4558,13535,1300,79,12,1
538,4031,9396,688,91,13,1
543,7969,19609,319,39,14,0
544,2654,9655,192,69,21,2
546,16555,10310,1490,30,13,0
547,4556,12932,532,92,11,1
548,6091,24793,317,43,20,0
549,19566,3854,422,41,11,0
550,4810,26314,1485,87,14,1
551,4523,4386,1368,88,11,3
554,3202,21972,1448,62,16,0
555,2351,12253,296,33,16,1
556,1702,12106,1490,42,23,1
558,18041,13022,1398,79,14,0
560,2886,3032,1349,90,22,2
562,2097,16734,1400,53,15,1
564,11935,21526,986,93,18,0
565,2546,18300,408,71,16,0
566,2564,18437,489,52,12,0
567,8412,2890,1398,69,11,0
568,14118,22102,210,56,12,1
569,17046,9314,1099,88,15,1
571,2564,7181,1116,49,14,0
573,10266,2845,1499,80,19,0
574,5070,7389,983,65,13,3
575,17861,2288,1009,51,13,0
577,4230,19225,144,46,15,0
578,3780,23428,548,42,11,0
579,2768,8416,1303,62,12,1
580,9071,11563,1125,94,19,1
581,10648,14394,1274,33,25,1
582,13610,24619,1277,56,12,0
584,3408,6705,587,38,13,3
585,2983,18398,413,57,14,0
586,7632,14295,1276,72,12,0
587,9824,22908,534,66,12,0
590,9950,11533,988,43,15,3
591,2093,9260,1474,97,17,1
592,9980,15318,635,32,14,0
593,3894,9129,1368,99,16,0
595,4051,19658,163,37,14,1
597,16835,9873,1117,83,23,0
599,6230,13430,267,56,14,0
600,4717,18659,619,85,11,0
601,13237,20364,302,75,15,0
602,3755,17872,443,48,11,1
604,6582,8346,828,77,13,0
605,7406,6950,319,56,21,1
606,4805,16177,561,61,19,1
608,2741,22808,426,58,11,1
611,4262,22645,232,34,12,2
612,16184,22578,922,95,19,1
613,11557,25291,688,44,21,1
614,1878,8059,1306,69,14,0
615,10932,11373,1094,58,15,1
616,6811,2112,509,62,17,0
618,4306,4267,775,45,12,2
620,4859,6698,195,80,16,0
621,5337,19921,258,74,12,0
622,2340,23213,471,66,18,0
623,7491,23848,799,59,17,0
624,10527,8984,1034,86,11,0
625,16595,5626,1276,91,16,1
626,8834,24666,142,69,13,1
630,5577,22087,956,78,12,2
631,4707,23914,1474,60,12,0
632,2400,5530,535,38,13,2
634,9824,22174,1495,76,19,1
635,6447,15701,446,65,12,1
638,19502,2125,1245,58,17,1
639,2725,21630,691,89,11,2
641,6272,7428,703,66,20,2
643,2127,9100,823,94,21,1
644,18200,7999,1246,99,11,1
645,2096,26376,622,40,11,0
647,2886,14168,1287,55,16,1
648,2033,14470,448,74,18,1
649,3622,22794,254,83,13,1
650,4233,11512,1365,46,17,0
652,3681,14004,538,54,14,0
653,5460,6219,525,66,22,2
655,2187,5013,798,66,12,2
656,9602,3010,558,75,11,1
657,2836,11757,959,83,13,0
659,4089,5718,622,81,13,2
661,16627,2671,782,50,14,1
662,2619,14561,362,43,17,0
663,5679,19627,1001,72,13,1
664,15402,17997,1236,40,11,1
665,5985,26894,1112,50,11,0
666,2579,2912,204,31,18,2
667,3041,16346,1420,85,11,1
669,3447,24444,1343,49,11,0
671,19513,9358,1315,35,12,1
675,2773,12145,604,69,20,0
677,7104,20431,1216,39,12,0
679,6322,18089,646,92,12,1
680,2083,22653,160,71,20,1
682,8381,7507,238,34,20,0
683,2691,7660,1397,42,12,1
684,4286,5630,306,100,14,2
686,2659,17759,991,71,13,1
689,9434,9606,482,36,15,1
690,5561,3487,1176,62,14,1
691,6646,19368,1017,82,13,0
692,7725,5335,1296,30,23,1
698,10725,6729,397,88,15,1
699,8847,13934,913,48,11,1
700,2045,15174,1115,54,13,0
701,1009,26999,1362,32,11,0
702,3348,3164,1076,70,11,0
704,1281,16900,727,41,18,2
705,2819,8544,885,58,16,1
707,4851,15678,810,57,22,1
709,4028,7791,243,46,20,0
710,2720,18959,806,76,18,1
712,8120,18597,817,56,12,0
714,4647,16673,1410,71,20,2
715,4680,15232,1225,80,17,0
716,3221,3297,1207,74,11,3
717,8621,17654,1442,46,14,0
720,4577,24785,693,65,14,0
721,4553,20978,408,80,11,0
722,5396,21703,929,55,12,0
723,6796,23452,562,50,14,1
724,7625,19383,827,33,13,0
725,7412,6009,608,68,11,0
727,11159,19373,1018,39,15,0
728,4960,11825,703,42,12,0
729,10475,23772,580,48,21,1
730,14814,13514,970,59,19,0
731,19141,8861,427,73,15,3
732,5405,11924,1179,84,14,0
733,8793,4809,294,32,21,2
734,19189,19562,314,59,12,1
738,3875,9983,316,54,15,1
741,2216,3872,654,67,13,0
742,11713,20335,427,63,14,1
743,7861,15397,168,81,14,0
744,3708,2104,381,49,14,0
746,13770,10225,217,49,12,2
747,5304,25275,501,99,23,1
749,2642,2755,1396,99,11,0
752,2759,20366,933,57,12,0
754,6804,23683,775,47,18,1
757,6142,7360,970,96,11,0
758,2500,4344,650,37,14,1
760,6389,18767,141,44,15,1
762,11103,20420,832,81,11,0
763,2342,22929,804,86,20,0
764,6811,23398,975,55,19,0
766,2297,17967,1090,83,14,2
769,2450,10919,346,86,17,0
771,5093,4761,1225,61,11,1
772,5309,21146,430,80,15,2
773,3057,20471,268,92,13,1
775,5121,4187,167,32,14,1
776,16856,10084,621,31,11,0
780,2686,5207,527,63,13,0
781,6180,22807,883,32,23,0
783,6632,12388,954,46,13,0
784,3505,19630,310,79,18,0
785,6397,10339,719,77,12,0
786,6274,18686,304,60,22,0
787,19859,21199,725,78,13,1
789,7587,14229,1434,76,15,0
791,4258,26589,715,41,18,1
792,4364,5288,575,71,14,1
793,4335,25549,657,66,12,1
796,5326,3064,1146,38,17,0
797,3280,13551,182,72,16,0
799,5485,22670,376,95,11,2
800,4342,24008,829,84,19,1
802,2782,19905,571,82,13,2
803,5980,26085,240,75,12,0
804,4381,7530,121,86,11,0
805,2572,20317,384,72,16,1
806,3833,24375,921,38,21,2
807,4244,9931,791,38,24,1
808,6500,13305,1111,93,17,1
809,18430,16225,570,66,13,1
811,1601,3445,1243,63,21,2
812,2694,26551,1092,60,11,3
813,3149,21821,1325,82,20,1
815,17639,6881,691,64,16,0
816,2319,6689,805,36,11,1
817,11691,25995,213,49,11,0
819,5324,26507,118,69,15,0
820,16752,12982,202,33,11,1
823,5228,23361,676,35,15,1
824,2700,23779,1252,81,24,1
825,19246,25761,286,31,12,0
826,2506,13301,1258,40,13,0
827,6062,4051,932,43,13,1
828,4382,16374,890,46,17,0
829,2143,25527,1041,36,13,1
830,6162,19124,859,98,12,1
832,5094,11983,720,51,14,0
833,6877,20234,946,52,24,0
834,2274,6153,252,95,14,0
836,4434,11806,933,98,13,1
837,6288,4284,471,45,15,1
838,2553,8306,702,100,16,0
840,7654,5860,1184,43,18,2
842,5160,21519,436,37,16,0
843,17159,5200,589,94,24,1
844,12808,8842,269,42,16,1
845,10221,18869,950,59,21,0
846,4779,3698,760,81,20,0
847,3737,2243,829,88,19,1
848,2366,20898,887,88,14,1
850,1706,16571,443,50,11,3
851,16307,5594,1318,66,14,1
852,5933,5197,625,50,12,0
854,3424,21632,180,65,13,0
855,4037,21816,586,48,22,1
856,2559,17852,1343,53,11,0
857,6201,2823,928,56,14,1
859,4403,9250,117,73,11,1
861,3761,2373,1012,75,12,1
862,10934,20715,661,78,18,1
864,10761,19239,930,74,12,1
865,5175,22162,638,91,12,1
867,13826,19028,890,81,22,0
868,6334,24558,342,66,19,2
869,4936,23965,1169,63,13,1
872,4775,19146,1230,33,22,2
874,2818,5044,986,62,24,1
875,2515,9068,1271,35,14,0
878,2342,8635,1278,77,21,0
879,4194,14363,141,98,18,0
880,10685,23457,607,66,20,1
881,2022,16612,130,96,19,1
882,2314,9148,300,61,12,1
885,4256,18154,583,87,12,0
887,3580,10554,1418,36,16,1
888,3162,10778,1269,46,17,0
889,6524,8891,379,48,14,1
893,2899,12102,395,98,19,1
894,5231,23726,1265,95,13,1
895,2356,14871,1222,48,19,1
896,2800,23522,341,48,19,3
897,11836,22789,868,73,14,1
899,10903,9129,672,78,16,0
900,2973,21222,1231,54,15,1
901,14275,20206,102,72,18,0
902,5562,21782,422,33,13,1
903,4537,17783,249,35,22,1
904,7642,4814,1252,32,13,0
905,17924,4544,881,98,11,1
909,5204,7790,1383,42,11,2
910,2277,22650,1075,57,11,1
911,2795,18016,374,87,24,0
912,2532,6054,1086,62,14,3
913,2559,7508,661,61,13,0
916,4908,24252,821,98,14,0
918,2380,13384,781,57,14,1
920,4765,23814,177,55,21,1
922,2044,22052,500,49,13,0
923,2693,8870,1427,65,19,0
924,6586,4821,1425,68,17,1
925,3294,13137,1454,65,18,0
926,4171,10022,617,34,19,1
927,2778,17725,1085,57,13,1
930,2377,9834,995,77,18,1
932,2404,4303,1122,70,21,0
933,2318,17808,618,76,19,0
934,2008,6896,546,83,14,2
936,6244,7824,462,68,17,0
939,2799,3339,1198,100,11,0
940,10552,9255,1272,37,13,1
941,2329,11737,154,41,15,0
942,4014,19170,1137,51,25,1
944,7403,22477,527,51,11,1
945,2259,5543,1469,51,17,2
947,6932,24406,1188,45,13,1
949,4678,23293,188,65,18,0
950,13582,16292,1333,80,13,1
951,2332,3974,1184,70,20,0
952,2413,18798,867,36,18,3
954,9705,20652,658,67,12,1
956,4294,11148,1283,52,12,0
957,4721,3119,263,59,13,0
958,2519,12287,938,79,21,0
959,2121,9947,419,37,13,0
960,2973,13008,129,84,19,0
961,5855,17369,616,41,11,2
964,3617,25063,1469,35,14,1
966,6725,13554,498,93,12,1
967,10325,5518,530,51,11,1
969,6949,12291,1069,42,14,0
970,10609,14922,625,46,11,0
972,4447,23163,805,57,12,0
974,2157,18203,1404,84,15,1
975,4601,6179,1219,86,16,0
976,17099,13829,1053,70,15,1
977,2479,26227,289,51,24,0
981,14852,13938,1376,45,13,1
982,7264,9977,231,62,11,1
983,5666,19899,152,85,13,0
984,7823,6812,882,92,13,1
985,7880,2560,903,41,18,0
986,13194,17071,1479,100,16,0
987,5067,6759,1379,64,19,0
990,5079,25952,1229,84,13,2
991,2321,10322,335,46,22,0
992,17444,20489,722,38,11,0
994,2404,11479,906,92,20,0
995,3452,17241,461,53,18,0
996,2270,11005,974,91,14,2
997,17399,6615,1126,66,22,1
998,5488,20161,827,84,13,1
999,19419,3735,840,64,17,1
1001,2811,12086,1134,37,14,1
1002,3633,14039,248,42,15,1
1003,4163,8571,955,83,17,0
1004,2132,11539,138,48,11,0
1005,13973,4161,939,95,18,1
1006,2684,12127,1391,66,17,1
1007,10845,24208,566,75,13,1
1009,4377,24117,1206,41,15,2
1010,3743,10074,622,39,24,1
1011,4148,11275,853,96,12,1
1012,1051,13493,287,73,15,0
1013,10739,13943,1441,56,11,1
1014,10388,6975,583,57,11,1
1015,11416,17802,153,73,12,3
1016,2600,18275,1097,98,15,0
1017,2422,25725,109,60,17,0
1018,5472,3334,1066,32,12,0
1019,2451,6881,217,94,15,1
1022,4240,13119,277,97,13,0
1024,10999,22245,1355,78,14,0
1025,5003,23371,549,42,14,0
1026,12742,7060,466,65,16,1
1027,4227,4658,1055,47,18,1
1028,3917,9541,802,45,20,1
1029,18303,7770,265,90,13,0
1030,2380,20165,804,64,18,0
1032,13726,21829,715,69,13,0
1033,4777,14382,1141,61,15,0
1034,6385,12992,135,62,14,2
1035,19973,20284,247,55,22,2
1036,6861,4981,1035,42,12,0
1037,4969,21813,265,79,18,0
1038,19845,25846,266,57,15,1
1039,13320,11737,1448,53,18,1
1040,6347,24920,145,95,12,1
1042,2743,8269,885,43,16,0
1043,10880,5083,945,82,13,0
1044,2342,21437,1038,88,19,0
1045,17650,5404,1234,90,13,1
1046,4025,11135,1109,69,12,0
1047,9725,12278,216,75,11,1
1048,11904,11038,1089,66,14,1
1049,2177,8318,788,36,16,0
1050,7525,23537,124,38,12,1
1052,4834,7858,660,81,14,1
1053,2042,15346,342,57,14,1
1055,2220,18410,1333,87,19,1
1056,1052,23384,1144,74,22,0
1060,2821,2997,1186,44,16,1
1061,19237,12853,1464,62,11,1
1062,4107,13848,124,35,15,0
1066,8396,22217,300,74,14,1
1068,2007,25265,921,66,13,2
1069,19627,21445,430,40,17,2
1070,10686,8392,1082,41,11,1
1071,2942,12154,1240,63,19,1
1073,8858,15669,796,51,11,0
1074,16756,17323,444,40,15,0
1076,10798,5268,415,79,13,1
1077,2323,17205,769,54,14,0
1079,1416,17258,1334,36,13,0
1080,4615,21029,1003,74,23,3
1081,2461,10332,1323,34,12,3
1082,8722,12355,1366,72,12,0
1083,3955,11141,192,59,16,2
1084,9957,9096,1176,85,15,1
1085,3376,18863,509,43,13,0
1088,8823,24608,330,65,18,1
1092,10322,26542,1492,61,20,1
1094,4621,5869,1277,87,19,3
1096,10976,15813,1091,65,18,1
1097,3660,7909,857,59,13,0
1098,10482,2326,1376,91,14,1
1099,7119,21214,654,34,15,1
1100,9582,10333,1204,86,22,0
1101,4508,3129,827,54,22,0
1102,2207,22482,895,50,16,1
1103,7756,22266,618,45,17,0
1105,6694,24223,309,88,14,3
1106,3691,4605,1219,32,15,1
1107,2377,19373,1330,37,20,1
1108,2313,2993,1017,55,20,0
1109,17665,14399,469,35,17,1
1111,2596,7160,1009,45,15,2
1113,4728,17251,959,81,14,0
1114,4302,13401,970,30,17,1
1115,2979,22478,697,40,17,3
1116,16885,16154,1262,35,22,0
1117,5593,17970,1050,65,13,1
1118,10445,15322,994,87,19,0
1119,8740,5569,770,73,14,2
1120,2514,26968,1107,93,22,1
1121,7655,8039,950,93,17,3
1124,17465,15596,406,52,12,1
1125,7351,20619,130,32,16,0
1126,10820,11535,1082,83,11,1
1127,12169,13547,203,84,11,3
1128,19626,17544,1308,44,14,0
1131,2070,25326,984,70,11,0
1132,6782,8770,439,70,15,0
1133,7779,23238,217,78,20,0
1135,2791,21981,793,67,12,1
1136,3201,19911,1451,67,17,0
1137,4968,18500,1182,54,11,1
1138,13120,11879,174,56,17,1
1140,4033,15834,1003,95,11,0
1143,3291,17940,490,61,14,2
1148,4272,9558,188,56,19,0
1150,5056,17689,718,79,15,1
1152,2844,6004,433,37,13,1
1154,2703,22088,773,39,14,1
1156,1904,13556,247,80,12,0
1157,8224,18385,603,77,17,0
1158,4766,9051,167,46,11,1
1160,2610,6233,874,72,12,1
1161,5731,17171,367,52,13,2
1162,2539,7950,199,55,13,1
1163,5714,5829,1400,70,20,0
1164,4323,7108,528,100,17,0
1165,7336,11162,408,45,13,1
1166,13499,13782,593,88,17,0
1167,13758,2447,481,44,12,0
1171,5155,2253,647,45,13,0
1172,2258,16340,982,58,12,1
1173,3597,6409,477,49,22,0
1175,2515,22955,1485,79,11,0
1177,4420,13421,1384,82,22,1
1179,6578,2706,852,72,18,1
1180,4422,21203,902,92,13,1
1182,10274,19588,819,44,18,1
1184,5343,25755,669,97,20,0
1185,2376,26537,636,47,13,1
1188,5346,9489,1372,85,13,0
1190,2827,14947,862,76,12,3
1191,19943,18575,718,92,13,1
1192,3131,26342,1401,54,13,1
1193,2552,7172,645,54,25,0
1195,4477,20100,1457,83,19,1
1196,6474,9961,977,56,13,1
1198,3033,12828,805,87,12,0
1200,2936,10826,1097,96,11,0
1201,18606,18640,1223,50,18,1
1202,2168,26933,942,69,18,1
1203,2853,4223,1256,48,11,1
1204,17048,24097,1402,69,23,0
1206,2290,4279,111,74,13,0
1207,3600,8429,147,99,13,1
1210,2107,20293,906,95,17,1
1211,4115,13192,1329,61,19,3
1212,4327,25440,1184,62,12,3
1215,17856,9490,1421,30,22,1
1216,3196,12449,1179,78,12,3
1217,19081,10849,1450,52,11,1
1218,8966,21026,1361,94,15,3
1219,2210,3372,984,97,13,1
1220,4539,4905,1146,82,12,1
1221,2741,6865,917,60,14,1
1224,3491,11309,853,49,13,3
1225,4541,7744,200,32,25,0
1226,2678,5050,654,43,17,0
1228,7379,17433,150,60,11,1
1231,6272,12858,179,79,16,1
1233,5220,10893,696,52,18,1
1234,2743,7331,116,77,20,1
1235,4998,2338,1316,38,14,0
1237,10252,4235,363,77,21,1
1238,2781,6311,117,60,13,1
1239,6852,11591,107,84,12,1
1240,4950,20623,1356,57,14,0
1241,3579,9369,1465,63,21,1
1242,13191,23281,458,60,17,0
1243,10377,13755,1212,78,11,1
1244,2235,14377,1103,42,14,2
1245,10502,9659,966,53,17,1
1246,2011,19982,1117,72,13,1
1248,1859,6148,504,96,25,0
1249,3760,5598,1010,97,15,3
1250,17779,23474,685,85,14,0
1251,6833,17089,1332,80,12,0
1252,6812,17198,1062,96,19,0
1254,5171,16490,326,48,17,0
1255,19740,18625,920,96,14,1
1256,18711,12124,1098,85,13,1
1257,3692,9256,469,46,12,0
1258,2559,16620,969,76,11,0
1259,2517,3208,1167,76,11,3
1260,6623,4204,1329,82,11,2
1263,18265,8733,715,76,12,0
1264,16124,3423,694,87,14,2
1265,2585,21643,1320,89,17,0
1267,18213,8751,1099,88,11,1
1268,8380,21708,536,82,14,2
1269,2994,21221,265,57,12,0
1270,1223,16901,373,47,22,1
1273,1118,8040,599,73,14,0
1275,2875,9973,583,53,20,0
1277,18824,2493,1449,94,16,0
1278,13577,25592,177,37,15,1
1279,2625,25308,251,45,20,0
1280,18789,9946,168,33,14,1
1281,4538,6039,131,86,12,0
1282,19847,19196,237,83,24,1
1283,10512,20002,1429,67,12,0
1285,4444,22534,135,46,13,2
1286,2154,6842,791,44,11,0
1288,19190,17477,1199,92,14,2
1289,4490,21833,648,56,11,2
1291,3506,6020,735,66,14,0
1292,2372,5628,603,78,16,0
1293,10231,20364,531,56,14,0
1294,5410,2323,429,53,11,0
1295,7978,14075,621,73,11,1
1296,3867,14222,193,52,12,1
1297,2838,4257,968,40,14,0
1298,4695,12858,879,72,18,0
1299,3339,17285,806,39,13,2
1301,2080,4732,640,84,11,0
1303,2096,18830,266,40,18,0
1304,6209,11693,604,56,15,2
1306,18061,13035,364,83,22,0
1307,17123,17334,412,94,13,2
1308,2372,26076,848,88,12,2
1309,4883,22845,1089,79,18,1
1310,3904,22154,360,93,13,0
1311,4627,23631,1138,48,12,1
1312,7094,5747,325,63,12,0
1314,3423,22957,991,44,12,0
1315,6674,16392,1476,55,11,3
1317,16880,22422,1322,43,11,0
1318,9094,17235,299,57,12,0
1319,8446,21534,1030,64,19,0
1321,11916,25927,634,95,23,2
1322,4534,13352,524,32,11,0
1324,9852,8935,587,57,19,1
1329,6151,22074,256,40,13,0
1331,2302,8319,1060,54,11,0
1333,2362,14669,935,89,12,0
1334,17861,26582,495,37,13,0
1336,19187,6992,282,58,14,1
1338,19717,4022,206,99,14,0
1340,3544,8532,458,74,16,1
1344,8500,5494,943,86,11,1
1346,4661,22455,523,98,13,0
1349,4103,4297,1018,66,17,1
1350,4249,2690,482,87,11,0
1352,14026,17588,770,84,11,1
1355,6893,19461,1009,31,15,1
1356,6125,23553,507,66,12,0
1358,3669,9075,882,67,11,3
1360,10008,12023,601,53,14,0
1361,2387,6762,329,88,22,1
1362,4639,2261,607,83,16,1
1363,7898,18706,855,54,11,0
1364,2534,6527,1291,98,14,1
1367,13142,24439,1405,82,16,0
1368,1611,19305,1124,97,15,0
1369,5363,10846,817,60,12,1
1371,5071,20392,793,43,20,0
1372,13695,9277,267,85,17,0
1373,13402,18235,1369,68,12,1
1374,2029,15891,999,92,20,3
1375,6377,13888,1202,89,20,3
1377,5429,17491,285,86,13,2
1379,2785,11882,703,90,14,0
1380,4614,23288,662,67,18,1
1382,2610,15748,693,57,11,3
1383,6687,6163,404,98,11,0
1387,4724,24232,736,48,11,1
1389,6179,21057,330,98,15,2
1390,6120,3567,1498,44,12,2
1391,10596,15395,541,52,11,0
1392,5467,13953,1200,75,14,2
1394,2996,5182,1439,54,15,0
1395,9998,19293,1111,61,13,0
1396,4078,20497,499,36,13,3
1397,10920,3449,1485,71,21,1
1399,6232,12477,1372,93,11,0
1401,13247,9731,322,59,11,1
1402,4081,20003,930,73,14,0
1403,5769,7100,205,98,11,0
1405,2394,25681,135,51,13,0
1407,3904,4050,683,36,12,0
1408,16799,16616,1147,31,14,1
1409,2950,17363,258,54,13,0
1411,3629,19106,1462,94,18,0
1412,9362,19944,200,60,11,0
1415,3229,4910,949,81,11,1
1417,3578,23577,652,100,12,0
1419,7988,9769,332,51,13,0
1420,4284,22710,1475,97,20,0
1421,7553,22930,337,84,12,0
1422,17328,5652,971,54,19,0
1423,19701,22456,1055,76,21,1
1424,14732,12414,1136,81,13,2
1425,9278,20763,1174,99,16,0
1427,1359,16154,667,50,12,0
1428,4779,12761,855,73,14,2
1430,16422,8847,182,93,11,0
1431,2996,20284,560,91,14,2
1433,1261,22262,202,34,12,0
1434,2099,7679,1377,91,14,0
1435,5810,22604,172,37,16,0
1436,5647,13494,329,98,13,2
1438,3420,10205,465,74,12,1
1439,4400,15182,383,68,12,0
1440,3500,25470,1413,84,14,0
1441,2066,10494,1255,90,22,1
1443,17169,26703,359,82,19,2
1445,4162,15211,1476,42,12,2
1446,9204,23343,601,97,12,1
1447,3294,3708,401,86,17,1
1448,2127,5561,1283,90,12,0
1449,3975,23099,663,81,11,2
1453,10793,8386,326,31,18,1
1457,10096,15986,377,52,11,1
1458,3646,17181,592,54,23,0
1459,7446,8931,1445,100,11,0
1460,10851,19863,1038,95,18,1
1461,2109,24609,1398,96,18,0
1464,3722,21081,523,94,13,1
1465,9380,14720,1448,55,18,2
1466,5486,24795,1221,96,11,3
1467,2742,3072,1107,52,15,0
1468,13757,25178,218,55,11,1
1469,8463,23490,866,84,18,0
1471,3162,7973,981,90,14,0
1472,16598,19764,447,39,12,0
1473,6651,21534,1495,96,14,1
1474,2345,8045,896,68,14,1
1475,3420,21158,1467,49,13,0
1477,4373,17456,430,54,14,2
1478,4759,15891,1326,81,18,0
1479,5301,2939,1358,96,15,2
1480,3673,16458,748,74,13,0
1481,4768,9282,383,79,12,1
1482,1274,7152,990,64,13,2
1483,4900,2721,405,93,24,1
1484,10466,20948,1490,35,14,2
1485,17007,11929,829,71,14,2
1486,2909,15747,1496,92,15,1
1487,5765,17485,115,51,11,0
1489,4599,7815,790,40,23,0
1492,2404,16192,660,76,13,1
1494,3172,16998,381,89,11,0
1495,2033,7103,830,78,13,1
1496,10209,19719,1193,86,18,0
1497,8620,23757,1246,77,14,2
1499,2064,15428,330,46,21,1
1501,4035,16143,1229,30,16,0
1502,3838,8192,1099,82,11,0
1503,4591,24200,571,78,17,1
1504,2561,5355,289,38,11,0
1506,1563,12530,1423,72,14,1
1507,4898,11827,467,55,14,0
1509,4789,23070,271,43,25,1
1513,3180,4668,410,97,13,3
1514,6549,3173,1083,96,14,2
1515,6388,22049,516,69,17,0
1516,11244,21072,495,64,25,0
1520,16032,24456,1050,87,20,1
1522,2362,7568,224,100,13,0
1523,16328,22074,136,32,13,1
1525,8376,9150,1089,32,18,0
1527,16606,11380,228,51,12,1
1529,8606,21195,1029,91,19,0
1533,2272,24812,507,97,14,0
1534,2018,21831,676,86,14,0
1535,7083,12288,971,64,14,0
1537,4084,4156,561,33,12,0
1539,14411,24450,333,88,13,0
1541,2308,4944,1440,55,25,1
1542,4841,24052,1210,68,14,1
1543,4285,3031,674,47,17,0
1544,9715,7288,441,39,13,1
1545,4320,24152,575,44,13,0
1546,2132,4585,950,97,20,1
1547,10124,18611,288,40,14,1
1548,5473,19345,1342,47,12,0
1549,5207,22949,589,79,12,1
1550,16437,17381,898,38,21,0
1551,2296,10036,350,57,14,3
1552,4069,8841,1142,72,18,0
1553,7441,20933,538,66,12,3
1554,2430,26204,1402,98,23,2
1555,5878,15624,824,67,12,1
1556,2644,17001,1157,70,21,0
1557,6439,13693,492,96,14,1
1558,2451,22376,598,91,18,2
1560,6392,10589,1242,46,13,1
1562,9714,5323,740,64,11,1
1563,6077,14814,888,71,11,0
1564,2450,21731,992,68,19,0
1568,9250,17799,1288,33,12,1
1569,2074,26619,104,69,12,1
1572,10169,14618,607,78,16,1
1573,4855,7653,903,81,11,2
1574,4087,25174,1200,62,14,1
1576,2367,16530,1108,65,12,1
1577,2972,22061,479,35,13,0
1578,19586,23037,685,60,21,1
1580,5484,13008,1351,45,17,1
1581,2061,11133,474,89,21,0
1582,9924,12355,1245,80,11,1
1583,4198,16379,437,90,12,0
1585,6815,21447,884,73,13,0
1586,4723,16213,1370,87,18,0
1587,6142,4223,670,51,16,0
1588,8237,4658,1462,38,11,1
1590,8853,24483,995,87,19,1
1591,19331,19519,264,59,16,1
1592,2073,12826,977,45,16,1
1594,5562,19711,1302,80,13,1
1595,19613,26362,1059,93,22,0
1596,3407,25348,750,46,17,2
1597,5063,15332,653,92,14,1
1598,4639,11262,118,84,15,1
1599,4876,5855,990,87,12,1
1601,2690,7713,1349,63,18,1
1602,17567,3156,563,56,15,0
1604,2408,7324,329,51,17,3
1605,2814,10293,457,85,14,0
1606,11245,20689,1234,41,15,1
1607,3312,18783,634,35,17,2
1608,19049,3549,1313,31,14,1
1609,2141,5348,241,48,12,1
1611,5769,23447,1015,50,14,0
1612,4385,24162,336,52,15,1
1613,5332,21602,715,54,13,0
1614,4663,12421,559,76,12,2
1615,4724,17000,426,42,13,1
1617,3211,22102,722,84,14,1
1618,5377,3835,1387,76,13,3
1619,4066,16290,1302,67,11,2
1621,5208,26312,819,48,11,0
1622,4877,20460,580,39,21,1
1623,3117,26009,546,97,18,0
1624,1569,18420,544,70,12,0
1625,19658,5220,1176,98,11,1
1627,3069,10302,170,76,15,1
1628,10435,25800,884,80,13,2
1630,4148,12250,208,52,12,1
1631,5768,26493,671,85,17,3
1633,5042,3140,711,81,13,0
1635,5770,5388,1329,59,19,2
1638,7756,14199,397,54,19,1
1639,10306,21530,737,55,17,0
1640,3936,9953,1470,71,11,1
1641,7945,19948,448,84,15,0
1642,5743,10503,602,37,11,0
1644,15202,5602,365,89,25,1
1645,5440,22098,763,59,14,2
1646,3760,17218,567,32,13,0
1647,3517,22490,486,86,17,0
1648,2580,6297,591,87,13,0
1649,2166,3339,1329,73,14,0
1650,5869,23413,469,42,11,0
1651,8008,22792,711,42,12,2
1653,5206,4973,772,77,17,2
1654,5295,7693,492,66,21,0
1655,16413,3498,301,72,16,2
1656,13269,21981,813,50,15,3
1657,2783,13251,1141,31,19,0
1658,5433,19332,1130,66,12,1
1659,2013,10950,311,77,11,0
1661,13966,11652,465,41,19,1
1662,4374,15411,894,33,15,0
1664,6842,26308,1040,79,20,1
1665,17426,18685,584,91,25,1
1666,17603,3525,1291,65,24,1
1667,4581,10414,880,36,24,0
1668,4735,9867,1189,90,15,2
1669,4187,3356,991,43,13,1
1670,5505,3921,392,93,14,2
1671,5470,25518,977,45,13,2
1673,5476,22589,1112,67,11,2
1674,2587,24941,464,74,16,1
1675,2440,23826,148,42,22,0
1676,15972,21086,1225,47,14,3
1677,15379,22384,809,36,14,0
1678,7082,11591,1206,80,16,0
1680,2728,21082,727,54,11,0
1681,5368,16130,530,36,25,1
1682,5347,7419,1351,80,14,2
1683,3195,4167,528,44,18,3
1684,3989,20586,1320,93,11,0
1687,3306,26176,1495,87,19,1
1689,7005,3458,1395,48,15,0
1691,2655,11740,708,95,11,2
1692,1393,24852,1259,95,12,0
1693,2570,11925,786,76,20,0
1694,3537,23737,1441,94,12,1
1696,3986,11912,1157,57,14,1
1697,10883,20467,370,92,20,1
1698,2028,13637,267,79,18,3
1700,9525,7677,1278,31,14,2
1701,2929,20338,678,35,12,0
1702,2275,25103,427,99,21,1
1703,7879,14810,921,96,19,1
1704,4930,13970,146,79,14,0
1706,7847,6069,1179,73,17,1
1707,4401,17616,581,62,16,1
1708,9241,15869,918,35,12,0
1709,2974,25412,1082,43,17,1
1710,4502,7439,530,51,15,0
1712,10748,3395,1238,74,23,1
1714,1555,11585,240,58,11,1
1716,12936,24164,1093,82,11,0
1718,2305,6217,390,62,15,3
1719,16704,17119,1005,48,11,0
1720,3433,17360,585,56,13,1
1721,3477,18103,741,69,14,1
1722,6430,20794,552,60,19,1
1724,6516,5041,369,92,16,1
1725,3907,3622,506,91,13,3
1727,5562,9697,717,34,14,0
1728,6883,5151,1370,49,16,1
1729,2862,3811,793,33,12,1
1731,4978,3536,543,87,11,1
1732,10368,5596,1277,74,12,1
1733,6134,8658,1456,96,13,3
1734,6735,12147,964,34,15,0
1735,3295,12862,160,51,13,0
1736,5238,6670,163,30,20,0
1737,6472,8989,792,77,15,1
1739,9610,3840,371,80,13,1
1740,19833,4349,611,88,14,0
1744,9756,6595,176,56,21,2
1745,4968,26427,1312,78,16,0
1746,2145,2097,897,59,14,1
1747,2180,9732,600,66,11,1
1749,8346,20943,1003,51,19,1
1751,3445,6152,1054,67,11,0
1752,2760,14630,428,52,13,0
1753,6294,23060,461,70,12,0
1754,7140,3088,979,94,11,1
1755,2932,5586,181,97,14,3
1756,5147,10697,1283,62,15,0
1757,4507,8191,1313,80,12,0
1758,8564,10092,211,74,20,0
1760,2468,15963,594,75,14,1
1761,8161,19002,1079,70,13,3
1762,2109,10007,590,91,13,1
1763,5294,9128,305,58,16,1
1764,2718,17674,953,65,14,0
1766,5811,24539,833,60,16,1
1767,2437,15587,807,38,16,1
1768,2766,8952,855,57,22,3
1770,19038,19805,478,60,12,3
1771,3055,6194,775,90,15,2
1772,2289,20520,548,94,20,2
1774,4001,12313,1375,87,14,1
1775,12965,22308,661,60,20,3
1778,3539,5033,244,97,13,0
1779,6029,25353,511,32,12,0
1780,2679,4567,337,31,13,0
1782,3702,16376,1153,40,11,1
1783,2398,15999,1294,79,17,0
1784,5468,13402,196,91,14,2
1786,13116,22984,942,53,11,0
1787,4189,8800,589,46,14,2
1789,19328,14218,734,46,17,1
1790,8321,25949,1383,90,13,1
1792,2342,11092,429,99,12,3
1794,4071,12832,1239,89,13,0
1797,5813,13492,303,84,18,0
1798,3143,6076,867,90,19,1
1799,2044,5531,1181,82,11,1
1800,13464,7914,1253,65,21,0
1801,7991,25166,849,98,15,0
1802,3377,25605,616,99,17,1
1803,5538,5696,1128,95,18,2
1804,5762,24442,1180,90,14,1
1805,2592,7129,1336,100,13,3
1807,5346,6208,234,93,17,1
1809,4213,4992,370,58,15,0
1812,4127,19188,766,83,18,1
1813,2438,24978,343,52,13,0
1814,6870,15530,447,85,12,0
1815,10447,26458,796,81,13,1
1816,9667,2739,1092,64,14,0
1818,2148,6889,920,69,11,0
1821,8926,10842,261,66,22,1
1822,6513,9060,1194,52,17,1
1823,6799,22128,810,92,21,2
1824,16291,22577,350,52,22,1
1826,2705,9696,185,91,16,1
1827,10333,19271,1001,92,12,1
1829,4448,10748,750,47,12,1
1830,6854,15696,431,68,15,1
1833,9637,8277,1125,68,14,2
1834,3591,12719,1217,67,25,1
1835,5405,4244,723,77,20,2
1836,4684,9125,572,46,13,0
1837,15787,21624,1216,87,14,0
1839,1514,8018,1431,33,16,0
1842,2956,21495,359,89,17,0
1844,2335,3157,350,56,15,3
1845,5154,19665,589,67,22,2
1847,6962,19573,430,73,22,1
1849,5675,19246,1422,92,20,1
1850,2379,19826,1297,53,14,0
1852,3812,7003,574,40,13,0
1853,4648,26075,1318,79,13,0
1854,2936,6161,355,38,22,2
1856,2105,5411,207,64,12,0
1857,8578,19989,706,82,14,1
1858,2706,10494,280,43,15,1
1859,6384,21143,726,93,17,2
1860,3968,13624,1142,81,13,0
1862,9907,26186,414,82,12,0
1863,13225,7739,1319,45,12,1
1864,3540,7018,728,36,21,1
1865,2804,15434,352,87,11,0
1866,19392,22539,823,81,13,0
1867,19665,13583,1224,91,12,0
1868,2439,14753,459,73,24,0
1869,7314,14011,1254,64,21,3
1870,4774,23844,1131,77,19,1
1871,3902,5141,835,41,14,3
1873,2662,7975,836,98,20,1
1875,2856,3692,1172,78,19,1
1876,1081,16019,945,89,13,0
1878,2472,26092,391,75,23,0
1880,5673,6060,1266,63,13,1
1881,4197,18624,311,89,11,1
1882,9713,24444,1480,64,13,3
1883,2062,19384,592,59,14,0
1885,4284,13588,783,78,22,1
1886,4788,25388,219,44,11,0
1888,5906,23888,556,93,13,2
1890,3886,4223,1213,94,21,0
1892,16823,18991,1137,98,11,1
1893,2933,14908,482,90,13,1
1898,6500,26997,511,89,14,0
1900,17174,2437,117,58,11,1
1903,5033,9364,170,78,15,1
1905,2307,14460,967,85,23,1
1907,2587,10261,1162,97,16,0
1908,5507,16822,335,33,16,2
1909,4393,26841,337,54,21,1
1911,13348,14842,1396,83,13,1
1912,6583,20115,1079,86,11,1
1915,8103,16495,735,75,12,0
1916,3978,16031,471,62,12,1
1918,2544,7102,1096,61,18,1
1922,5399,14511,1297,44,12,0
1924,5487,10410,217,43,14,0
1927,6834,19255,783,42,12,1
1928,1091,10642,746,45,17,0
1929,5736,3987,1251,32,19,1
1931,2226,6073,1354,41,11,1
1932,5747,26496,735,86,15,0
1933,9854,23352,1475,84,11,0
1934,5467,2125,1169,64,18,1
1935,5380,20328,1443,89,16,1
1936,5151,12315,867,87,25,1
1937,2133,18115,1394,58,16,1
1938,17875,11761,605,72,13,1
1939,2432,15318,238,47,14,0
1940,4771,14293,1206,71,19,2
1941,19161,13738,1064,42,15,0
1943,5087,2900,419,77,12,2
1944,2863,19555,1337,58,12,0
1945,5561,15975,682,71,16,1
1947,2144,2122,1103,49,14,0
1948,3065,3995,976,48,13,1
1949,2810,9238,1351,66,22,0
1950,9888,6770,937,32,21,0
1951,8628,22914,1239,39,18,1
1952,2867,20006,157,95,13,0
1954,5373,6225,136,89,12,1
1955,6667,16542,1146,34,18,1
1956,5003,5771,1125,48,21,0
1960,2367,18779,1404,32,12,1
1961,2858,11473,1404,59,14,0
1962,5204,13586,1224,55,11,0
1965,4105,5099,954,44,14,0
1966,9679,10138,1373,56,24,0
1967,5617,21075,754,63,11,0
1968,10448,5843,1168,66,13,0
1969,2897,22474,155,67,11,2
1970,5968,18079,1303,36,20,3
1971,7510,16873,574,30,17,1
1972,2991,5224,1444,88,11,1
1973,19636,25811,189,71,18,1
1974,1129,17536,1276,59,11,3
1975,13341,25098,119,77,12,0
1976,4332,14811,335,37,12,0
1979,11031,26862,697,40,20,1
1980,4440,25198,157,77,19,0
1981,4617,14120,771,45,12,0
1982,2647,13672,571,78,13,0
1985,6323,26849,692,73,11,1
1986,5677,4258,444,92,14,1
1987,2187,19655,309,82,14,0
1989,3748,4077,911,76,13,0
1992,3977,7298,977,57,19,1
1993,8633,13084,1180,84,23,0
1994,2008,20439,1313,59,12,3
1995,4440,7636,1321,86,15,2
1996,3067,6393,1154,54,19,1
1997,5321,14284,508,72,11,1
1998,5410,11189,557,35,17,1
1999,2782,21412,642,76,22,1
2000,11957,17231,1162,98,18,2
2003,2660,20232,1490,43,11,1
2007,3375,17624,581,63,12,0
2008,5098,18698,1395,48,19,0
2009,4878,21653,501,95,13,1
2010,2837,15919,267,49,13,0
2012,2406,4060,543,83,19,2
2013,2269,18024,234,68,14,1
2014,4108,5340,116,52,13,0
2015,13206,3376,201,99,12,1
2016,10422,24032,801,48,19,2
2017,13744,15471,161,42,25,1
2018,4907,13684,1382,85,22,1
2019,3482,19788,585,40,15,2
2020,2436,13422,1037,42,12,0
2021,2380,25479,501,58,11,0
2022,19431,15302,105,87,13,0
2023,1790,26956,638,33,19,1
2024,7644,12695,557,94,19,2
2025,5131,9192,688,97,13,3
2026,6306,26236,667,57,21,1
2027,4787,26124,1092,36,14,3
2031,18880,17312,300,56,11,0
2032,2339,3666,310,72,11,1
2034,13570,5640,582,60,23,1
2035,6712,8978,704,95,21,2
2036,5406,10436,301,88,24,1
2037,8938,12227,930,57,11,1
2038,2439,11288,529,78,14,0
2040,8837,16642,1146,31,16,0
2041,5343,5982,345,100,11,1
2044,6728,14255,878,94,12,2
2045,6652,14369,1120,100,13,1
2046,4850,23333,374,50,15,0
2048,2809,2725,1322,52,14,0
2049,5689,24594,1199,80,14,2
2051,2001,12549,1194,98,14,3
2052,2977,8952,287,62,12,1
2053,4025,23679,1378,46,13,1
2054,3785,8489,468,73,14,0
2055,10854,16586,410,39,13,1
2056,12031,8828,722,60,11,1
2057,9936,3787,325,74,19,0
2060,2966,21378,1167,30,18,0
2061,2571,12290,884,41,17,1
2062,9991,21457,613,42,15,1
2064,6142,5174,155,87,20,1
2065,5390,13243,1023,63,14,0
2068,4404,10228,628,82,12,0
